id,name,model_id:id,group_id:id,perm_read,perm_write,perm_create,perm_unlink
access_fsm_stage_fsm_user,fsm.stage.user,model_fsm_stage,fieldservice.group_fsm_user,1,0,0,0
access_fsm_stage_fsm_manager,fsm.stage.manager,model_fsm_stage,fieldservice.group_fsm_manager,1,1,1,1
access_fsm_tag_fsm_user,fsm.tag.user,model_fsm_tag,fieldservice.group_fsm_user,1,0,0,0
access_fsm_tag_fsm_manager,fsm.tag.manager,model_fsm_tag,fieldservice.group_fsm_manager,1,1,1,1
access_fsm_person_user,fsm.person.user,model_fsm_person,fieldservice.group_fsm_user,1,1,0,0
access_fsm_person_manager,fsm.person.manager,model_fsm_person,fieldservice.group_fsm_manager,1,1,1,1
access_fsm_location_user,fsm.location.user,model_fsm_location,fieldservice.group_fsm_user,1,1,0,0
access_fsm_location_dispatcher,fsm.location.dispatcher,model_fsm_location,fieldservice.group_fsm_dispatcher,1,1,1,0
access_fsm_order_user,fsm.order.user,model_fsm_order,fieldservice.group_fsm_user,1,1,0,0
access_fsm_order_dispatcher,fsm.order.dispatcher,model_fsm_order,fieldservice.group_fsm_dispatcher,1,1,1,1
access_fsm_equipment_fsm_user,fsm.equipment.user,model_fsm_equipment,fieldservice.group_fsm_user,1,0,0,0
access_fsm_equipment_fsm_manager,fsm.equipment.manager,model_fsm_equipment,fieldservice.group_fsm_manager,1,1,1,1
access_fsm_category_user,fsm.category.user,model_fsm_category,fieldservice.group_fsm_user,1,0,0,0
access_fsm_category_manager,fsm.category.manager,model_fsm_category,fieldservice.group_fsm_manager,1,1,1,1
access_fsm_template_user,fsm.template.user,model_fsm_template,fieldservice.group_fsm_user,1,0,0,0
access_fsm_template_manager,fsm.template.manager,model_fsm_template,fieldservice.group_fsm_manager,1,1,1,1
access_fsm_team_user,fsm.team.user,model_fsm_team,fieldservice.group_fsm_user,1,0,0,0
access_fsm_team_manager,fsm.team.manager,model_fsm_team,fieldservice.group_fsm_manager,1,1,1,1
access_fsm_location_person_user,fsm.location.person.user,model_fsm_location_person,fieldservice.group_fsm_user,1,1,0,0
access_fsm_location_person_manager,fsm.location.person.manager,model_fsm_location_person,fieldservice.group_fsm_manager,1,1,1,1
access_fsm_order_type_user,fsm.order.type.user,model_fsm_order_type,fieldservice.group_fsm_user,1,1,0,0
access_fsm_order_type_manager,fsm.order.type.manager,model_fsm_order_type,fieldservice.group_fsm_manager,1,1,1,1
access_fsm_calendar_filter,fsm.calendar.filter.user,model_fsm_person_calendar_filter,fieldservice.group_fsm_user,1,1,1,1
access_fsm_wizard,access_fsm_wizard,model_fsm_wizard,fieldservice.group_fsm_dispatcher,1,1,1,0
